OneH	One Hunahpu	god	San Bartolo	site	mural	San Bartolo Mural
OneH	One Hunahpu	god	San Bartolo	site	pyramid	Temple of "Las Pinturas"
OneH	One Hunahpu	god	Tikal	site	bones	Incised bones from Temple I tomb
OneH	One Hunahpu	god	Tikal	site	jade	Jade mosaic vase of Maize God
OneH	One Hunahpu	god	Cop치n	site	bust	Stone bust of young Maize God
OneH	One Hunahpu	god	Palenque	site	temple	Temple of the inscriptions
Hun	Hunahpu	god	San Bartolo	site	mural	San Bartolo Mural
Hun	Hunahpu	god	San Bartolo	site	pyramid	Temple of "Las Pinturas"
Hun	Hunahpu	god	El Mirador	site	frieze	Water Collection Tecolote Friezes
Hun	Hunahpu	god	Izapa	site	stela	Stela 2
PBD	Seven Macaw	god	San Bartolo	site	mural	San Bartolo Mural
PBD	Seven Macaw	god	San Bartolo	site	pyramid	Temple of "Las Pinturas"
PBD	Seven Macaw	god	Izapa	site	stela	Stela 2
PBD	Seven Macaw	god	Kaminaljuyu	site	stela	Wuqub Kaquix Impersonation Stela
PBD	Seven Macaw	god	Palenque	site	tomb	Sarcophagus of Pakal the Great
Xba	Xbalanque	god	El Mirador	site	frieze	Water Collection Tecolote Friezes
Xba	Xbalanque	god	Izapa	site	stela	Stela 2
Cha	Chaac	god	El Mirador	site	frieze	Water Collection Tecolote Friezes
Cha	Chaac	god	El Mirador	site	temple	Tecolote Structure
Cha	Chaac	god	Tikal	site	bones	Incised bones from Temple I tomb
Cha	Chaac	god	Izapa	site	stela	Chahk Stone Carving
Cha	Chaac	god	Uxmal	site	decor	Ball Court
Cha	Chaac	god	Uxmal	site	temple	Pyramid Of the Magician
Cha	Chaac	god	Yaxchilan	site	stela	Stela 11
GodG	Kinich Ahau	god	Tikal	site	obsidian	Incised obsidians
Kaw	K'awiil	god	Tikal	site	obsidian	Incised obsidians
LOX	Lords of Xibalba	god	Cop치n	site	ball court marker	Xibalban ball-court markers
LOX	Lords of Xibalba	god	Izapa	site	stela	Stela 5
OneArt	One Artisan	god	Cop치n	site	temple	Temple 11
OneMonk	One Monkey	god	Cop치n	site	temple	Temple 11
SPS	Sovereign Plumed Serpent	god	Chichen Itza	site	temple sculpture	Serpent Heads on El Castillo
SPS	Sovereign Plumed Serpent	god	Chichen Itza	site	temple	Temple of the Jaguars
SPS	Sovereign Plumed Serpent	god	Chichen Itza	site	pyramid	Pyramid of Kukulcan